Dates,Open,Close
5/19/2023 9:30,4204.15,4211.47
5/19/2023 10:00,4211.59,4211.38
5/19/2023 10:30,4211.24,4209.03
5/19/2023 11:00,4209,4191.72
5/19/2023 11:30,4191.48,4191.13
5/19/2023 12:00,4191.12,4188.55
5/19/2023 12:30,4188.24,4192.57
5/19/2023 13:00,4192.55,4193.64
5/19/2023 13:30,4193.64,4185.99
5/19/2023 14:00,4186,4184.68
5/19/2023 14:30,4184.66,4192.52
5/19/2023 15:00,4192.51,4187.8
5/19/2023 15:30,4187.96,4192.03
5/19/2023 16:00,4191.86,4191.98
5/22/2023 9:30,4190.78,4195.54
5/22/2023 10:00,4195.2,4196.75
5/22/2023 10:30,4197.2,4192.81
5/22/2023 11:00,4193.29,4198.22
5/22/2023 11:30,4198.16,4197.77
5/22/2023 12:00,4197.75,4194.28
5/22/2023 12:30,4194.18,4196.04
5/22/2023 13:00,4196.04,4196.36
5/22/2023 13:30,4196.48,4196.71
5/22/2023 14:00,4196.67,4202.13
5/22/2023 14:30,4202.17,4202.89
5/22/2023 15:00,4202.82,4195.63
5/22/2023 15:30,4195.74,4193.08
5/22/2023 16:00,4192.82,4192.63
5/23/2023 9:30,4176.8,4182
5/23/2023 10:00,4182.5,4182.66
5/23/2023 10:30,4182.63,4178.97
5/23/2023 11:00,4178.88,4184.2
5/23/2023 11:30,4184.31,4182.22
5/23/2023 12:00,4182.34,4177.62
5/23/2023 12:30,4177.53,4168.34
5/23/2023 13:00,4168.31,4163.01
5/23/2023 13:30,4162.42,4162.1
5/23/2023 14:00,4162.1,4148.66
5/23/2023 14:30,4148.81,4152.54
5/23/2023 15:00,4152.37,4152.6
5/23/2023 15:30,4152.66,4145.82
5/23/2023 16:00,4145.75,4145.58
5/24/2023 9:30,4132.96,4115.48
5/24/2023 10:00,4115.22,4111.81
5/24/2023 10:30,4112.35,4109.7
5/24/2023 11:00,4110.29,4116.81
5/24/2023 11:30,4116.9,4109.13
5/24/2023 12:00,4109.17,4105.4
5/24/2023 12:30,4105.53,4110.89
5/24/2023 13:00,4110.86,4109.66
5/24/2023 13:30,4109.54,4116.65
5/24/2023 14:00,4116.73,4108.37
5/24/2023 14:30,4108.31,4109.58
5/24/2023 15:00,4109.66,4125.11
5/24/2023 15:30,4125.17,4115.47
5/24/2023 16:00,4115.4,4115.24
5/25/2023 9:30,4155.71,4136.87
5/25/2023 10:00,4137.54,4136.7
5/25/2023 10:30,4136.78,4142.49
5/25/2023 11:00,4142.51,4141.25
5/25/2023 11:30,4141.29,4135.47
5/25/2023 12:00,4135.77,4146.42
5/25/2023 12:30,4146.83,4141.85
5/25/2023 13:00,4141.94,4152.07
5/25/2023 13:30,4152.09,4154.5
5/25/2023 14:00,4154.65,4155.95
5/25/2023 14:30,4156.03,4146.24
5/25/2023 15:00,4146.25,4158.15
5/25/2023 15:30,4158.29,4151.52
5/25/2023 16:00,4151.35,4151.28
5/26/2023 9:30,4156.16,4175.16
5/26/2023 10:00,4175.36,4196.76
5/26/2023 10:30,4197.09,4199.1
5/26/2023 11:00,4199.22,4190.43
5/26/2023 11:30,4190.65,4195.68
5/26/2023 12:00,4195.64,4202.91
5/26/2023 12:30,4202.92,4202.19
5/26/2023 13:00,4202.45,4201.48
5/26/2023 13:30,4201.53,4200.76
5/26/2023 14:00,4201.06,4203.11
5/26/2023 14:30,4203.25,4206.46
5/26/2023 15:00,4207.09,4206.73
5/26/2023 15:30,4206.69,4205.04
5/26/2023 16:00,4205.48,4205.45
5/30/2023 9:30,4226.71,4218.42
5/30/2023 10:00,4217.33,4211.13
5/30/2023 10:30,4210.35,4211.28
5/30/2023 11:00,4211.16,4209.28
5/30/2023 11:30,4209.26,4211.6
5/30/2023 12:00,4211.67,4205.76
5/30/2023 12:30,4205.54,4209.83
5/30/2023 13:00,4209.92,4199.02
5/30/2023 13:30,4198.78,4194.6
5/30/2023 14:00,4194.56,4205.02
5/30/2023 14:30,4205.24,4206.95
5/30/2023 15:00,4206.76,4207.39
5/30/2023 15:30,4207.3,4205.96
5/30/2023 16:00,4205.65,4205.52
5/31/2023 9:30,4190.74,4184.71
5/31/2023 10:00,4185.28,4172.25
5/31/2023 10:30,4172.18,4172.25
5/31/2023 11:00,4172.44,4166.64
5/31/2023 11:30,4166.64,4171.23
5/31/2023 12:00,4171.26,4171.42
5/31/2023 12:30,4171.49,4174.28
5/31/2023 13:00,4174.33,4179.76
5/31/2023 13:30,4179.88,4187.11
5/31/2023 14:00,4187.13,4189.68
5/31/2023 14:30,4189.81,4185.08
5/31/2023 15:00,4185.21,4186.02
5/31/2023 15:30,4186.06,4181.36
5/31/2023 16:00,4180.5,4179.83
6/1/2023 9:30,4183.03,4175.14
6/1/2023 10:00,4176.76,4183.58
6/1/2023 10:30,4183.83,4197.1
6/1/2023 11:00,4197.54,4204.62
6/1/2023 11:30,4204.75,4213.91
6/1/2023 12:00,4214.34,4220.33
6/1/2023 12:30,4220.43,4219.81
6/1/2023 13:00,4220.03,4218.13
6/1/2023 13:30,4218.22,4223.87
6/1/2023 14:00,4223.96,4223.75
6/1/2023 14:30,4223.83,4227.46
6/1/2023 15:00,4227.62,4222.22
6/1/2023 15:30,4221.95,4221.32
6/1/2023 16:00,4221.16,4221.02
6/2/2023 9:30,4241.01,4246.49
6/2/2023 10:00,4246.55,4258.36
6/2/2023 10:30,4258.03,4271.6
6/2/2023 11:00,4271.89,4278.88
6/2/2023 11:30,4278.9,4277.57
6/2/2023 12:00,4277.87,4277.53
6/2/2023 12:30,4277.65,4283.28
6/2/2023 13:00,4283.42,4285.94
6/2/2023 13:30,4286.01,4284.73
6/2/2023 14:00,4284.84,4282.64
6/2/2023 14:30,4282.67,4286.38
6/2/2023 15:00,4286.83,4284.46
6/2/2023 15:30,4284.31,4282.12
6/2/2023 16:00,4281.94,4282.37
6/5/2023 9:30,4282.99,4285.15
6/5/2023 10:00,4286.93,4282.29
6/5/2023 10:30,4282.27,4288.53
6/5/2023 11:00,4288.79,4292.02
6/5/2023 11:30,4291.91,4292.31
6/5/2023 12:00,4292.57,4295.79
6/5/2023 12:30,4295.95,4298.55
6/5/2023 13:00,4298.57,4288.16
6/5/2023 13:30,4288.21,4288.09
6/5/2023 14:00,4288.26,4282.81
6/5/2023 14:30,4283.25,4279.42
6/5/2023 15:00,4279.58,4274.85
6/5/2023 15:30,4274.43,4273.97
6/5/2023 16:00,4273.85,4273.79
6/6/2023 9:30,4271.34,4268.82
6/6/2023 10:00,4269.05,4276.97
6/6/2023 10:30,4277.18,4283.69
6/6/2023 11:00,4284.02,4277.38
6/6/2023 11:30,4277.56,4284.71
6/6/2023 12:00,4284.87,4279.51
6/6/2023 12:30,4279.6,4271.85
6/6/2023 13:00,4271.72,4275.23
6/6/2023 13:30,4275.19,4271.25
6/6/2023 14:00,4271.4,4277
6/6/2023 14:30,4276.98,4279.76
6/6/2023 15:00,4280.44,4283.68
6/6/2023 15:30,4283.92,4283.47
6/6/2023 16:00,4283.67,4283.85
6/7/2023 9:30,4285.47,4295.33
6/7/2023 10:00,4294.15,4286.5
6/7/2023 10:30,4286.17,4278.96
6/7/2023 11:00,4278.73,4280.31
6/7/2023 11:30,4280.28,4271.63
6/7/2023 12:00,4271.9,4271.32
6/7/2023 12:30,4271.46,4271.42
6/7/2023 13:00,4271.4,4268.52
6/7/2023 13:30,4268.29,4269.95
6/7/2023 14:00,4269.91,4272.43
6/7/2023 14:30,4272.41,4272.23
6/7/2023 15:00,4272.12,4271.49
6/7/2023 15:30,4271.26,4268.17
6/7/2023 16:00,4267.79,4267.52
6/8/2023 9:30,4268.69,4266.75
6/8/2023 10:00,4267.06,4276.2
6/8/2023 10:30,4276.37,4282.09
6/8/2023 11:00,4282.46,4284.91
6/8/2023 11:30,4284.99,4282.76
6/8/2023 12:00,4282.77,4293.2
6/8/2023 12:30,4293.24,4288.71
6/8/2023 13:00,4288.71,4286.23
6/8/2023 13:30,4286.14,4284.12
6/8/2023 14:00,4284.46,4288.94
6/8/2023 14:30,4289.24,4291.81
6/8/2023 15:00,4292.12,4292.23
6/8/2023 15:30,4291.99,4293.61
6/8/2023 16:00,4293.82,4293.93
6/9/2023 9:30,4304.88,4311.96
6/9/2023 10:00,4312.67,4320.74
6/9/2023 10:30,4320.95,4313.69
6/9/2023 11:00,4313.77,4301.19
6/9/2023 11:30,4300.73,4297.17
6/9/2023 12:00,4296.84,4295.16
6/9/2023 12:30,4295.15,4300.87
6/9/2023 13:00,4300.99,4304.01
6/9/2023 13:30,4304.2,4308.08
6/9/2023 14:00,4308.3,4306.41
6/9/2023 14:30,4306.52,4304.99
6/9/2023 15:00,4304.99,4303.5
6/9/2023 15:30,4303.37,4299.49
6/9/2023 16:00,4299.04,4298.86
6/12/2023 9:30,4308.32,4312.12
6/12/2023 10:00,4312.53,4309.56
6/12/2023 10:30,4309.55,4307.52
6/12/2023 11:00,4307.89,4308.96
6/12/2023 11:30,4309.23,4313.79
6/12/2023 12:00,4313.83,4314.25
6/12/2023 12:30,4314.27,4317.39
6/12/2023 13:00,4317.32,4315.76
6/12/2023 13:30,4315.81,4320.7
6/12/2023 14:00,4320.81,4319.23
6/12/2023 14:30,4319.26,4327.56
6/12/2023 15:00,4327.75,4334.99
6/12/2023 15:30,4334.76,4339.77
6/12/2023 16:00,4339.26,4338.93
6/13/2023 9:30,4352.61,4359.14
6/13/2023 10:00,4360.15,4359.02
6/13/2023 10:30,4358.82,4362.62
6/13/2023 11:00,4362.69,4369.38
6/13/2023 11:30,4370,4362.85
6/13/2023 12:00,4362.88,4368.58
6/13/2023 12:30,4368.68,4372.24
6/13/2023 13:00,4372.31,4372.56
6/13/2023 13:30,4372.78,4370.68
6/13/2023 14:00,4370.67,4361
6/13/2023 14:30,4360.92,4363.09
6/13/2023 15:00,4363.37,4365.7
6/13/2023 15:30,4365.91,4369.3
6/13/2023 16:00,4369.15,4369.01
6/14/2023 9:30,4366.29,4376.23
6/14/2023 10:00,4376.65,4378.27
6/14/2023 10:30,4378.54,4380.25
6/14/2023 11:00,4380.38,4387.81
6/14/2023 11:30,4387.97,4383.79
6/14/2023 12:00,4383.77,4383.27
6/14/2023 12:30,4383.2,4382.3
6/14/2023 13:00,4382.28,4374.36
6/14/2023 13:30,4374.33,4373.99
6/14/2023 14:00,4373.93,4346.31
6/14/2023 14:30,4346.08,4364.72
6/14/2023 15:00,4365,4367.77
6/14/2023 15:30,4367.62,4373.18
6/14/2023 16:00,4372.85,4372.59
6/15/2023 9:30,4365.33,4388.31
6/15/2023 10:00,4388.72,4395.27
6/15/2023 10:30,4395.77,4394.83
6/15/2023 11:00,4394.65,4408.01
6/15/2023 11:30,4408.05,4408.22
6/15/2023 12:00,4408.26,4409.75
6/15/2023 12:30,4409.82,4409.3
6/15/2023 13:00,4409.26,4409.38
6/15/2023 13:30,4409.68,4418.25
6/15/2023 14:00,4418.43,4419.3
6/15/2023 14:30,4419.45,4436.88
6/15/2023 15:00,4437.97,4432.22
6/15/2023 15:30,4432.16,4426.17
6/15/2023 16:00,4426.32,4425.84
6/16/2023 9:30,4440.95,4429.65
6/16/2023 10:00,4432.45,4441.2
6/16/2023 10:30,4441.11,4432.58
6/16/2023 11:00,4432.62,4424.73
6/16/2023 11:30,4424.7,4429.29
6/16/2023 12:00,4429.41,4434.21
6/16/2023 12:30,4434.3,4438.52
6/16/2023 13:00,4438.68,4431.52
6/16/2023 13:30,4431.56,4430.36
6/16/2023 14:00,4430.32,4427.43
6/16/2023 14:30,4427.26,4417.93
6/16/2023 15:00,4417.95,4413.05
6/16/2023 15:30,4413.23,4410.8
6/16/2023 16:00,4410.2,4409.59
6/20/2023 9:30,4396.11,4389.69
6/20/2023 10:00,4389.09,4369.67
6/20/2023 10:30,4368.99,4374.65
6/20/2023 11:00,4374.97,4376.18
6/20/2023 11:30,4376.43,4377.8
6/20/2023 12:00,4377.89,4388.89
6/20/2023 12:30,4388.99,4394.96
6/20/2023 13:00,4395.06,4397.37
6/20/2023 13:30,4397.48,4391.33
6/20/2023 14:00,4391.1,4396.8
6/20/2023 14:30,4396.93,4392.84
6/20/2023 15:00,4392.9,4391.58
6/20/2023 15:30,4391.59,4389.05
6/20/2023 16:00,4388.9,4388.71
6/21/2023 9:30,4380.01,4368.33
6/21/2023 10:00,4368.68,4369.48
6/21/2023 10:30,4369.48,4368.74
6/21/2023 11:00,4368.69,4369.72
6/21/2023 11:30,4369.5,4367.72
6/21/2023 12:00,4367.67,4375.21
6/21/2023 12:30,4375.22,4369.98
6/21/2023 13:00,4369.83,4367.68
6/21/2023 13:30,4367.72,4375.07
6/21/2023 14:00,4375.33,4383.43
6/21/2023 14:30,4383.46,4381.94
6/21/2023 15:00,4381.76,4374.11
6/21/2023 15:30,4374.16,4365.56
6/21/2023 16:00,4365.77,4365.69
6/22/2023 9:30,4355.4,4363.85
6/22/2023 10:00,4364.46,4372.4
6/22/2023 10:30,4372.42,4361.37
6/22/2023 11:00,4361.43,4364.53
6/22/2023 11:30,4364.66,4371.88
6/22/2023 12:00,4371.98,4368.58
6/22/2023 12:30,4368.84,4368.68
6/22/2023 13:00,4368.71,4366.19
6/22/2023 13:30,4366.53,4372.7
6/22/2023 14:00,4373.11,4375.59
6/22/2023 14:30,4375.51,4380.12
6/22/2023 15:00,4380.37,4372.25
6/22/2023 15:30,4371.9,4381.76
6/22/2023 16:00,4381.89,4381.89
6/23/2023 9:30,4354.17,4349.66
6/23/2023 10:00,4349.72,4352.9
6/23/2023 10:30,4352.79,4351.73
6/23/2023 11:00,4351.99,4347.56
6/23/2023 11:30,4347.58,4354.48
6/23/2023 12:00,4354.61,4361.49
6/23/2023 12:30,4361.96,4361.39
6/23/2023 13:00,4361.62,4364.15
6/23/2023 13:30,4364.16,4362.28
6/23/2023 14:00,4362.13,4356.22
6/23/2023 14:30,4356.1,4346.13
6/23/2023 15:00,4345.61,4347.6
6/23/2023 15:30,4347.73,4348.45
6/23/2023 16:00,4348.5,4348.33
6/26/2023 9:30,4344.84,4359.53
6/26/2023 10:00,4359.49,4356.43
6/26/2023 10:30,4356.37,4351.11
6/26/2023 11:00,4351.06,4340.92
6/26/2023 11:30,4340.9,4348.01
6/26/2023 12:00,4347.99,4339.55
6/26/2023 12:30,4339.42,4340.05
6/26/2023 13:00,4340.04,4342.11
6/26/2023 13:30,4342.35,4337.71
6/26/2023 14:00,4337.54,4336.93
6/26/2023 14:30,4336.84,4342.72
6/26/2023 15:00,4342.9,4342.43
6/26/2023 15:30,4342.43,4329.43
6/26/2023 16:00,4329.24,4328.82
6/27/2023 9:30,4337.36,4343.1
6/27/2023 10:00,4342.51,4344.29
6/27/2023 10:30,4344.3,4349.66
6/27/2023 11:00,4349.83,4354.77
6/27/2023 11:30,4354.84,4358.47
6/27/2023 12:00,4358.27,4362.6
6/27/2023 12:30,4362.79,4366.89
6/27/2023 13:00,4366.89,4371.54
6/27/2023 13:30,4371.86,4378.67
6/27/2023 14:00,4378.76,4380.76
6/27/2023 14:30,4380.94,4377.82
6/27/2023 15:00,4378.66,4383.71
6/27/2023 15:30,4383.51,4378.07
6/27/2023 16:00,4378.22,4378.41
6/28/2023 9:30,4367.48,4367.95
6/28/2023 10:00,4366.81,4371.73
6/28/2023 10:30,4372.09,4375.13
6/28/2023 11:00,4375.18,4376.31
6/28/2023 11:30,4376.81,4382.18
6/28/2023 12:00,4381.94,4381.33
6/28/2023 12:30,4381.32,4367.97
6/28/2023 13:00,4367.81,4373.81
6/28/2023 13:30,4373.93,4369.88
6/28/2023 14:00,4370.03,4374.66
6/28/2023 14:30,4374.76,4371.32
6/28/2023 15:00,4371.64,4369.8
6/28/2023 15:30,4369.34,4377.51
6/28/2023 16:00,4377.33,4376.86
6/29/2023 9:30,4374.94,4382.79
6/29/2023 10:00,4383.15,4382.32
6/29/2023 10:30,4382.57,4380.13
6/29/2023 11:00,4380.12,4391.98
6/29/2023 11:30,4391.97,4392.59
6/29/2023 12:00,4392.89,4396.7
6/29/2023 12:30,4396.74,4392.49
6/29/2023 13:00,4392.06,4393.01
6/29/2023 13:30,4393.09,4386.69
6/29/2023 14:00,4386.58,4387.85
6/29/2023 14:30,4388.04,4389.65
6/29/2023 15:00,4389.79,4392.48
6/29/2023 15:30,4392.17,4397.04
6/29/2023 16:00,4396.76,4396.44
6/30/2023 9:30,4422.44,4439.04
6/30/2023 10:00,4439.8,4445.98
6/30/2023 10:30,4446.18,4442.01
6/30/2023 11:00,4442.43,4442.56
6/30/2023 11:30,4442.49,4440.06
6/30/2023 12:00,4440.31,4446.2
6/30/2023 12:30,4446.21,4450.83
6/30/2023 13:00,4450.86,4450.98
6/30/2023 13:30,4450.97,4453.56
6/30/2023 14:00,4453.6,4456.3
6/30/2023 14:30,4456.36,4454.5
6/30/2023 15:00,4455.04,4456.01
6/30/2023 15:30,4455.86,4449.63
6/30/2023 16:00,4450.11,4450.38
7/3/2023 9:30,4450.48,4450.85
7/3/2023 10:00,4451.18,4450.93
7/3/2023 10:30,4451.11,4448.1
7/3/2023 11:00,4448.13,4451.51
7/3/2023 11:30,4451.56,4452.12
7/3/2023 12:00,4452.15,4454.68
7/3/2023 12:30,4454.66,4455.19
7/3/2023 13:00,4455.13,4455.59
7/3/2023 14:00,4455.59,4455.59
7/5/2023 9:30,4442.04,4447.99
7/5/2023 10:00,4448.09,4449.92
7/5/2023 10:30,4450.17,4453.54
7/5/2023 11:00,4453.77,4450.82
7/5/2023 11:30,4450.8,4448.07
7/5/2023 12:00,4447.77,4447.73
7/5/2023 12:30,4447.81,4446.99
7/5/2023 13:00,4447.04,4446.94
7/5/2023 13:30,4446.93,4448.03
7/5/2023 14:00,4448.07,4442.49
7/5/2023 14:30,4442.65,4450.27
7/5/2023 15:00,4450.24,4452.35
7/5/2023 15:30,4452.47,4446.65
7/5/2023 16:00,4446.77,4446.82
7/6/2023 9:30,4422.62,4399.25
7/6/2023 10:00,4397.85,4392.21
7/6/2023 10:30,4392.09,4386.7
7/6/2023 11:00,4387.17,4387.97
7/6/2023 11:30,4387.85,4396.05
7/6/2023 12:00,4396.12,4402.65
7/6/2023 12:30,4402.67,4406.54
7/6/2023 13:00,4406.71,4407.42
7/6/2023 13:30,4407.42,4411.77
7/6/2023 14:00,4411.87,4407.6
7/6/2023 14:30,4407.49,4415.4
7/6/2023 15:00,4415.39,4412.22
7/6/2023 15:30,4412.3,4411.6
7/6/2023 16:00,4411.71,4411.59
7/7/2023 9:30,4404.54,4415.48
7/7/2023 10:00,4415.91,4409.03
7/7/2023 10:30,4408.61,4412.69
7/7/2023 11:00,4412.6,4413.56
7/7/2023 11:30,4413.51,4418.13
7/7/2023 12:00,4418.29,4424.71
7/7/2023 12:30,4424.68,4436.45
7/7/2023 13:00,4436.62,4440.3
7/7/2023 13:30,4440.38,4431.8
7/7/2023 14:00,4431.84,4431.88
7/7/2023 14:30,4431.88,4426.11
7/7/2023 15:00,4425.72,4417
7/7/2023 15:30,4416.5,4399.17
7/7/2023 16:00,4398.64,4398.95
7/10/2023 9:30,4394.23,4405.28
7/10/2023 10:00,4405.44,4406.6
7/10/2023 10:30,4406.48,4399.98
7/10/2023 11:00,4399.99,4401.24
7/10/2023 11:30,4401.3,4398.29
7/10/2023 12:00,4398.29,4397.71
7/10/2023 12:30,4397.82,4402.68
7/10/2023 13:00,4402.75,4405.18
7/10/2023 13:30,4405.3,4403.6
7/10/2023 14:00,4403.78,4407.85
7/10/2023 14:30,4407.95,4406.59
7/10/2023 15:00,4406.78,4403.96
7/10/2023 15:30,4403.7,4410.22
7/10/2023 16:00,4410.01,4409.53
7/11/2023 9:30,4415.55,4417.55
7/11/2023 10:00,4417.94,4416.7
7/11/2023 10:30,4416.84,4420.3
7/11/2023 11:00,4420.5,4419.87
7/11/2023 11:30,4419.71,4428.76
7/11/2023 12:00,4429.24,4422.37
7/11/2023 12:30,4422.74,4425.23
7/11/2023 13:00,4425.12,4422.6
7/11/2023 13:30,4422.62,4423.95
7/11/2023 14:00,4423.89,4420.77
7/11/2023 14:30,4420.95,4427.75
7/11/2023 15:00,4427.68,4429.3
7/11/2023 15:30,4428.96,4439.03
7/11/2023 16:00,4438.72,4439.26
7/12/2023 9:30,4467.69,4483.17
7/12/2023 10:00,4483.65,4485.64
7/12/2023 10:30,4485.44,4483.71
7/12/2023 11:00,4483.81,4479.98
7/12/2023 11:30,4479.98,4465.8
7/12/2023 12:00,4465.54,4467.46
7/12/2023 12:30,4467.5,4472.27
7/12/2023 13:00,4472.38,4475.73
7/12/2023 13:30,4475.76,4477.05
7/12/2023 14:00,4477.24,4480.67
7/12/2023 14:30,4480.63,4476.63
7/12/2023 15:00,4476.6,4470.19
7/12/2023 15:30,4470.28,4473.1
7/12/2023 16:00,4472.3,4472.16
7/13/2023 9:30,4491.5,4498.09
7/13/2023 10:00,4497.86,4492.94
7/13/2023 10:30,4493.06,4497.32
7/13/2023 11:00,4497.58,4494.55
7/13/2023 11:30,4494.62,4498.49
7/13/2023 12:00,4498.7,4499.46
7/13/2023 12:30,4499.24,4500.11
7/13/2023 13:00,4500.14,4500.72
7/13/2023 13:30,4500.71,4500.68
7/13/2023 14:00,4500.7,4502.69
7/13/2023 14:30,4502.69,4506.79
7/13/2023 15:00,4506.76,4511.75
7/13/2023 15:30,4511.11,4509.62
7/13/2023 16:00,4509.79,4510.04
7/14/2023 9:30,4514.61,4524.29
7/14/2023 10:00,4521.18,4518.79
7/14/2023 10:30,4518.79,4515.45
7/14/2023 11:00,4515.57,4517.61
7/14/2023 11:30,4517.79,4519.02
7/14/2023 12:00,4519.02,4511.8
7/14/2023 12:30,4511.75,4512.11
7/14/2023 13:00,4512.18,4511.33
7/14/2023 13:30,4511.31,4512.17
7/14/2023 14:00,4512.2,4509.44
7/14/2023 14:30,4509.82,4506.29
7/14/2023 15:00,4506,4504.65
7/14/2023 15:30,4504.78,4506.4
7/14/2023 16:00,4506.01,4505.42
7/17/2023 9:30,4508.86,4509.91
7/17/2023 10:00,4510.38,4511.87
7/17/2023 10:30,4511.95,4513.12
7/17/2023 11:00,4513.45,4517.26
7/17/2023 11:30,4517.15,4520.66
7/17/2023 12:00,4520.87,4516.3
7/17/2023 12:30,4516.22,4519.82
7/17/2023 13:00,4519.76,4518.2
7/17/2023 13:30,4518.38,4521.71
7/17/2023 14:00,4521.71,4523.88
7/17/2023 14:30,4523.86,4522.91
7/17/2023 15:00,4522.98,4529.4
7/17/2023 15:30,4528.91,4522.64
7/17/2023 16:00,4522.64,4522.79
7/18/2023 9:30,4521.78,4529.72
7/18/2023 10:00,4529.78,4530.06
7/18/2023 10:30,4530,4536.05
7/18/2023 11:00,4536.55,4537.08
7/18/2023 11:30,4537.11,4546.05
7/18/2023 12:00,4546.1,4543.91
7/18/2023 12:30,4543.71,4542.66
7/18/2023 13:00,4542.72,4545.95
7/18/2023 13:30,4545.99,4548.81
7/18/2023 14:00,4548.4,4556.84
7/18/2023 14:30,4556.97,4555.65
7/18/2023 15:00,4555.65,4558.99
7/18/2023 15:30,4558.59,4555.35
7/18/2023 16:00,4555.13,4554.98
7/19/2023 9:30,4563.87,4574.68
7/19/2023 10:00,4575.16,4572.45
7/19/2023 10:30,4572.45,4566.96
7/19/2023 11:00,4567.02,4571.56
7/19/2023 11:30,4571.79,4574.11
7/19/2023 12:00,4574.02,4567.8
7/19/2023 12:30,4567.55,4567.59
7/19/2023 13:00,4567.55,4565.23
7/19/2023 13:30,4564.94,4564.45
7/19/2023 14:00,4564.64,4560.61
7/19/2023 14:30,4560.69,4567.82
7/19/2023 15:00,4567.78,4572.04
7/19/2023 15:30,4571.92,4565.25
7/19/2023 16:00,4565.56,4565.72
7/20/2023 9:30,4554.38,4561.41
7/20/2023 10:00,4561.78,4547.58
7/20/2023 10:30,4547.44,4549.94
7/20/2023 11:00,4549.96,4550.31
7/20/2023 11:30,4550.31,4553.47
7/20/2023 12:00,4553.39,4551.75
7/20/2023 12:30,4551.77,4547.89
7/20/2023 13:00,4547.87,4550.06
7/20/2023 13:30,4549.7,4547.26
7/20/2023 14:00,4547.03,4534.26
7/20/2023 14:30,4534.22,4537.95
7/20/2023 15:00,4537.92,4528.28
7/20/2023 15:30,4528.56,4534.79
7/20/2023 16:00,4534.77,4534.87
7/21/2023 9:30,4550.16,4541.76
7/21/2023 10:00,4542.02,4536.89
7/21/2023 10:30,4536.68,4544.41
7/21/2023 11:00,4544.31,4551.47
7/21/2023 11:30,4551.66,4550.36
7/21/2023 12:00,4550.34,4544.65
7/21/2023 12:30,4544.56,4543.44
7/21/2023 13:00,4543.23,4551.21
7/21/2023 13:30,4551.26,4554.33
7/21/2023 14:00,4554.41,4546.82
7/21/2023 14:30,4546.87,4545.55
7/21/2023 15:00,4545.37,4539.99
7/21/2023 15:30,4540.28,4535.89
7/21/2023 16:00,4536.29,4536.34
7/24/2023 9:30,4543.39,4545.48
7/24/2023 10:00,4545.65,4554.79
7/24/2023 10:30,4555,4555.78
7/24/2023 11:00,4555.88,4556.14
7/24/2023 11:30,4556.12,4558.25
7/24/2023 12:00,4558.17,4558.3
7/24/2023 12:30,4558.41,4556.27
7/24/2023 13:00,4556.26,4557.8
7/24/2023 13:30,4558.07,4560.94
7/24/2023 14:00,4561.08,4559.37
7/24/2023 14:30,4559.42,4556.29
7/24/2023 15:00,4556.32,4547.81
7/24/2023 15:30,4547.88,4554.96
7/24/2023 16:00,4554.77,4554.64
7/25/2023 9:30,4555.19,4562.5
7/25/2023 10:00,4561.73,4561.16
7/25/2023 10:30,4561.1,4559.55
7/25/2023 11:00,4559.58,4563.19
7/25/2023 11:30,4563.46,4567.31
7/25/2023 12:00,4567.52,4567.44
7/25/2023 12:30,4567.34,4572.48
7/25/2023 13:00,4572.49,4573.41
7/25/2023 13:30,4573.65,4571.83
7/25/2023 14:00,4571.8,4576.94
7/25/2023 14:30,4577.28,4571.52
7/25/2023 15:00,4571.83,4573.11
7/25/2023 15:30,4572.98,4567.3
7/25/2023 16:00,4567.72,4567.46
7/26/2023 9:30,4558.96,4561.33
7/26/2023 10:00,4560.9,4560.06
7/26/2023 10:30,4560.15,4554.37
7/26/2023 11:00,4554.08,4557.09
7/26/2023 11:30,4556.97,4562.23
7/26/2023 12:00,4562.24,4559.45
7/26/2023 12:30,4559.42,4555.94
7/26/2023 13:00,4555.65,4555.94
7/26/2023 13:30,4555.79,4555.62
7/26/2023 14:00,4554.6,4556.65
7/26/2023 14:30,4556.64,4572.95
7/26/2023 15:00,4573.66,4558.2
7/26/2023 15:30,4557.81,4567.72
7/26/2023 16:00,4567.18,4566.75
7/27/2023 9:30,4598.26,4603.08
7/27/2023 10:00,4603.48,4589.32
7/27/2023 10:30,4589.18,4587.31
7/27/2023 11:00,4587.68,4589.85
7/27/2023 11:30,4590.18,4587.19
7/27/2023 12:00,4587.19,4596.97
7/27/2023 12:30,4596.93,4597.04
7/27/2023 13:00,4597.25,4576.43
7/27/2023 13:30,4575.78,4573.28
7/27/2023 14:00,4573,4552.34
7/27/2023 14:30,4552.31,4540.26
7/27/2023 15:00,4539.74,4540.31
7/27/2023 15:30,4540.48,4537.41
7/27/2023 16:00,4537.49,4537.41
7/28/2023 9:30,4565.75,4574.19
7/28/2023 10:00,4575.26,4576.43
7/28/2023 10:30,4576.65,4580.66
7/28/2023 11:00,4581.15,4586.89
7/28/2023 11:30,4587.03,4589.56
7/28/2023 12:00,4589.48,4588.97
7/28/2023 12:30,4589.03,4583.3
7/28/2023 13:00,4582.83,4574.79
7/28/2023 13:30,4574.39,4575.38
7/28/2023 14:00,4575.13,4581.44
7/28/2023 14:30,4581.31,4582.55
7/28/2023 15:00,4582.73,4579.29
7/28/2023 15:30,4578.86,4581.96
7/28/2023 16:00,4582.03,4582.23
7/31/2023 9:30,4584.82,4583.19
7/31/2023 10:00,4583.29,4589.35
7/31/2023 10:30,4589.5,4587.5
7/31/2023 11:00,4587.48,4585.7
7/31/2023 11:30,4585.78,4581.75
7/31/2023 12:00,4581.75,4584.69
7/31/2023 12:30,4584.65,4578.9
7/31/2023 13:00,4578.72,4578.8
7/31/2023 13:30,4578.75,4581.25
7/31/2023 14:00,4581.42,4579.42
7/31/2023 14:30,4579.47,4583.23
7/31/2023 15:00,4583.4,4579.44
7/31/2023 15:30,4579.49,4589.87
7/31/2023 16:00,4589.43,4588.96
8/1/2023 9:30,4578.83,4581.12
8/1/2023 10:00,4580.91,4571.64
8/1/2023 10:30,4571.5,4576.2
8/1/2023 11:00,4576.55,4574.96
8/1/2023 11:30,4574.82,4573.88
8/1/2023 12:00,4573.86,4570.27
8/1/2023 12:30,4570.03,4575.8
8/1/2023 13:00,4575.89,4575.7
8/1/2023 13:30,4575.7,4576.77
8/1/2023 14:00,4576.85,4578.13
8/1/2023 14:30,4578.35,4579.75
8/1/2023 15:00,4579.76,4579.33
8/1/2023 15:30,4579.16,4576.94
8/1/2023 16:00,4576.74,4576.73
8/2/2023 9:30,4550.93,4541.86
8/2/2023 10:00,4541.8,4531.96
8/2/2023 10:30,4532.01,4518.11
8/2/2023 11:00,4518.05,4523.09
8/2/2023 11:30,4523.06,4515.19
8/2/2023 12:00,4515.14,4514.03
8/2/2023 12:30,4513.96,4520.76
8/2/2023 13:00,4520.57,4522.94
8/2/2023 13:30,4522.75,4517.98
8/2/2023 14:00,4518.06,4520
8/2/2023 14:30,4519.83,4518.16
8/2/2023 15:00,4518.19,4506.23
8/2/2023 15:30,4506.34,4513.3
8/2/2023 16:00,4513.57,4513.39
8/3/2023 9:30,4494.27,4497.64
8/3/2023 10:00,4498.34,4485.98
8/3/2023 10:30,4485.84,4496.98
8/3/2023 11:00,4497,4506.03
8/3/2023 11:30,4506.49,4505.08
8/3/2023 12:00,4504.73,4508.56
8/3/2023 12:30,4508.74,4517.65
8/3/2023 13:00,4517.74,4516.3
8/3/2023 13:30,4516.36,4506.78
8/3/2023 14:00,4506.56,4510.04
8/3/2023 14:30,4510.16,4511.64
8/3/2023 15:00,4511.81,4504.32
8/3/2023 15:30,4504.15,4501.02
8/3/2023 16:00,4501.55,4501.89
8/4/2023 9:30,4513.96,4514.64
8/4/2023 10:00,4514.86,4515.42
8/4/2023 10:30,4515.66,4524.82
8/4/2023 11:00,4525.48,4527.2
8/4/2023 11:30,4527.21,4530.03
8/4/2023 12:00,4530.12,4536.45
8/4/2023 12:30,4536.89,4539.01
8/4/2023 13:00,4539.09,4528.13
8/4/2023 13:30,4527.95,4519.52
8/4/2023 14:00,4519.25,4494.03
8/4/2023 14:30,4493.73,4482.91
8/4/2023 15:00,4482.75,4482.61
8/4/2023 15:30,4483.2,4478.84
8/4/2023 16:00,4478.72,4478.03
8/7/2023 9:30,4491.58,4496
8/7/2023 10:00,4495.81,4507.2
8/7/2023 10:30,4507.04,4502.11
8/7/2023 11:00,4501.79,4498.02
8/7/2023 11:30,4497.8,4506.47
8/7/2023 12:00,4506.58,4507.22
8/7/2023 12:30,4507.19,4507.88
8/7/2023 13:00,4507.84,4507.83
8/7/2023 13:30,4507.99,4513.28
8/7/2023 14:00,4513.24,4507.66
8/7/2023 14:30,4507.9,4512.52
8/7/2023 15:00,4512.81,4508.97
8/7/2023 15:30,4508.95,4518.53
8/7/2023 16:00,4518.63,4518.44
8/8/2023 9:30,4498.03,4476.73
8/8/2023 10:00,4476.1,4473.38
8/8/2023 10:30,4473.28,4467.12
8/8/2023 11:00,4467.2,4473.31
8/8/2023 11:30,4473.15,4468.6
8/8/2023 12:00,4468.43,4476
8/8/2023 12:30,4476.04,4476.89
8/8/2023 13:00,4476.97,4480.4
8/8/2023 13:30,4480.28,4483.81
8/8/2023 14:00,4483.89,4487.92
8/8/2023 14:30,4487.99,4494.71
8/8/2023 15:00,4494.48,4497.28
8/8/2023 15:30,4497.5,4499.08
8/8/2023 16:00,4499.27,4499.38
8/9/2023 9:30,4501.57,4494.22
8/9/2023 10:00,4494.44,4495.46
8/9/2023 10:30,4494.88,4484.45
8/9/2023 11:00,4484.36,4471.17
8/9/2023 11:30,4470.31,4464.87
8/9/2023 12:00,4464.44,4470.92
8/9/2023 12:30,4470.7,4473.56
8/9/2023 13:00,4473.47,4484.81
8/9/2023 13:30,4484.86,4486.19
8/9/2023 14:00,4485.88,4495.79
8/9/2023 14:30,4495.9,4492.99
8/9/2023 15:00,4493.07,4488.78
8/9/2023 15:30,4488.85,4467.98
8/9/2023 16:00,4468.03,4467.71
8/10/2023 9:30,4487.16,4522.8
8/10/2023 10:00,4523.89,4519.48
8/10/2023 10:30,4519.31,4505.9
8/10/2023 11:00,4505.93,4499.04
8/10/2023 11:30,4498.62,4486.63
8/10/2023 12:00,4486.14,4478.93
8/10/2023 12:30,4478.92,4473.34
8/10/2023 13:00,4472.9,4470.89
8/10/2023 13:30,4470.6,4459.12
8/10/2023 14:00,4459.11,4475.1
8/10/2023 14:30,4475.13,4484.79
8/10/2023 15:00,4484.91,4472.41
8/10/2023 15:30,4471.46,4469.23
8/10/2023 16:00,4468.93,4468.83
8/11/2023 9:30,4450.69,4450.76
8/11/2023 10:00,4453.53,4470.16
8/11/2023 10:30,4471.12,4462.3
8/11/2023 11:00,4462.59,4455.55
8/11/2023 11:30,4455.32,4462.6
8/11/2023 12:00,4462.68,4460.46
8/11/2023 12:30,4460.6,4456.48
8/11/2023 13:00,4456.53,4463.88
8/11/2023 13:30,4464.1,4458.92
8/11/2023 14:00,4459.08,4466.37
8/11/2023 14:30,4466.58,4470.37
8/11/2023 15:00,4470.34,4468.56
8/11/2023 15:30,4467.88,4464.97
8/11/2023 16:00,4464.45,4464.05
8/14/2023 9:30,4458.13,4461.44
8/14/2023 10:00,4461.26,4468.57
8/14/2023 10:30,4468.67,4481.7
8/14/2023 11:00,4481.92,4480.97
8/14/2023 11:30,4481.39,4480.79
8/14/2023 12:00,4480.86,4476.13
8/14/2023 12:30,4476.14,4481.66
8/14/2023 13:00,4481.63,4482.83
8/14/2023 13:30,4483,4480.47
8/14/2023 14:00,4480.62,4477.64
8/14/2023 14:30,4477.69,4477.06
8/14/2023 15:00,4477.18,4478.2
8/14/2023 15:30,4478.22,4490.33
8/14/2023 16:00,4490.04,4489.72
8/15/2023 9:30,4478.87,4462.08
8/15/2023 10:00,4461.55,4449.06
8/15/2023 10:30,4448.32,4448.21
8/15/2023 11:00,4448.28,4457.42
8/15/2023 11:30,4456.95,4460.05
8/15/2023 12:00,4460.06,4455.2
8/15/2023 12:30,4455.42,4450.38
8/15/2023 13:00,4450.33,4453.88
8/15/2023 13:30,4453.82,4449.26
8/15/2023 14:00,4449.3,4447.49
8/15/2023 14:30,4447.65,4451.28
8/15/2023 15:00,4451.27,4435.48
8/15/2023 15:30,4434.67,4438.11
8/15/2023 16:00,4437.84,4437.86
8/16/2023 9:30,4433.79,4443.43
8/16/2023 10:00,4443.41,4442.16
8/16/2023 10:30,4441.89,4447.31
8/16/2023 11:00,4447.29,4442.83
8/16/2023 11:30,4442.77,4433.21
8/16/2023 12:00,4432.47,4426.26
8/16/2023 12:30,4426.37,4425.73
8/16/2023 13:00,4425.65,4421.24
8/16/2023 13:30,4421.13,4430.74
8/16/2023 14:00,4430.62,4434.29
8/16/2023 14:30,4434.32,4426.17
8/16/2023 15:00,4425.82,4409.18
8/16/2023 15:30,4409.1,4404.07
8/16/2023 16:00,4404.27,4404.33
8/17/2023 9:30,4416.32,4410.92
8/17/2023 10:00,4410.94,4408.23
8/17/2023 10:30,4408.22,4406.51
8/17/2023 11:00,4406.73,4400
8/17/2023 11:30,4400.04,4402.44
8/17/2023 12:00,4402.51,4410.52
8/17/2023 12:30,4410.7,4411.89
8/17/2023 13:00,4412.18,4400.03
8/17/2023 13:30,4399.75,4394.97
8/17/2023 14:00,4394.99,4391.94
8/17/2023 14:30,4392.05,4379.33
8/17/2023 15:00,4378.87,4374.86
8/17/2023 15:30,4375.12,4369.74
8/17/2023 16:00,4369.86,4370.36
8/18/2023 9:30,4344.88,4348.86
8/18/2023 10:00,4349.02,4345.36
8/18/2023 10:30,4344.75,4356.54
8/18/2023 11:00,4357.27,4359.4
8/18/2023 11:30,4359.15,4371.18
8/18/2023 12:00,4371.24,4364.16
8/18/2023 12:30,4364.19,4365.4
8/18/2023 13:00,4365.38,4361.69
8/18/2023 13:30,4361.78,4365.42
8/18/2023 14:00,4365.48,4366.29
8/18/2023 14:30,4366.13,4366.4
8/18/2023 15:00,4366.27,4367.8
8/18/2023 15:30,4367.41,4370.44
8/18/2023 16:00,4370.51,4369.71
8/21/2023 9:30,4380.28,4394.48
8/21/2023 10:00,4394.63,4373.12
8/21/2023 10:30,4372.77,4373.81
8/21/2023 11:00,4373.89,4366.67
8/21/2023 11:30,4366.35,4363.02
8/21/2023 12:00,4362.67,4375.96
8/21/2023 12:30,4376.06,4379.65
8/21/2023 13:00,4379.6,4385.81
8/21/2023 13:30,4385.81,4387.15
8/21/2023 14:00,4387.28,4390.12
8/21/2023 14:30,4390.67,4396.51
8/21/2023 15:00,4396.93,4400.89
8/21/2023 15:30,4400.66,4399.85
8/21/2023 16:00,4400.15,4399.77
8/22/2023 9:30,4415.33,4402.65
8/22/2023 10:00,4403.24,4402.15
8/22/2023 10:30,4402.14,4404.45
8/22/2023 11:00,4404.62,4400.59
8/22/2023 11:30,4400.66,4393.97
8/22/2023 12:00,4393.61,4392.07
8/22/2023 12:30,4392.13,4394.09
8/22/2023 13:00,4394.1,4389.04
8/22/2023 13:30,4389.1,4388.25
8/22/2023 14:00,4388.11,4392.49
8/22/2023 14:30,4392.67,4391.65
8/22/2023 15:00,4391.55,4391.67
8/22/2023 15:30,4391.48,4387.69
8/22/2023 16:00,4387.74,4387.55
8/23/2023 9:30,4396.44,4410.59
8/23/2023 10:00,4411.56,4415.71
8/23/2023 10:30,4415.96,4426.22
8/23/2023 11:00,4426.23,4428.52
8/23/2023 11:30,4428.78,4429.91
8/23/2023 12:00,4429.78,4427.61
8/23/2023 12:30,4427.67,4428.76
8/23/2023 13:00,4428.79,4439.16
8/23/2023 13:30,4439.35,4442.39
8/23/2023 14:00,4442.38,4436.22
8/23/2023 14:30,4436.2,4433.68
8/23/2023 15:00,4433.67,4438.64
8/23/2023 15:30,4438.34,4436.39
8/23/2023 16:00,4436.36,4436.01
8/24/2023 9:30,4455.16,4455.6
8/24/2023 10:00,4456.73,4428.56
8/24/2023 10:30,4428.45,4417.71
8/24/2023 11:00,4417.7,4412.87
8/24/2023 11:30,4412.55,4398.48
8/24/2023 12:00,4398.23,4406.71
8/24/2023 12:30,4406.67,4405.57
8/24/2023 13:00,4405.72,4397.97
8/24/2023 13:30,4397.81,4399.48
8/24/2023 14:00,4399.62,4397.84
8/24/2023 14:30,4397.66,4397
8/24/2023 15:00,4396.93,4392.95
8/24/2023 15:30,4393.47,4375.7
8/24/2023 16:00,4376,4376.31
8/25/2023 9:30,4389.38,4397.03
8/25/2023 10:00,4398.59,4382.06
8/25/2023 10:30,4381.76,4358.02
8/25/2023 11:00,4358.07,4385.86
8/25/2023 11:30,4385.71,4376.04
8/25/2023 12:00,4375.71,4393.98
8/25/2023 12:30,4393.73,4392.42
8/25/2023 13:00,4392.29,4386.67
8/25/2023 13:30,4386.5,4391.23
8/25/2023 14:00,4390.78,4409.58
8/25/2023 14:30,4410.5,4413.56
8/25/2023 15:00,4413.75,4415.42
8/25/2023 15:30,4415.57,4405.65
8/25/2023 16:00,4405.79,4405.71
8/28/2023 9:30,4426.03,4432.1
8/28/2023 10:00,4432.38,4437.44
8/28/2023 10:30,4437.6,4426.35
8/28/2023 11:00,4426.32,4420.48
8/28/2023 11:30,4420.04,4420.89
8/28/2023 12:00,4420.81,4418.37
8/28/2023 12:30,4418.36,4431.5
8/28/2023 13:00,4431.55,4433.4
8/28/2023 13:30,4433.54,4417.4
8/28/2023 14:00,4417.09,4418.46
8/28/2023 14:30,4418.57,4424.44
8/28/2023 15:00,4424.94,4424.35
8/28/2023 15:30,4423.72,4433.34
8/28/2023 16:00,4433.23,4433.31
8/29/2023 9:30,4432.75,4445.02
8/29/2023 10:00,4445.63,4465.86
8/29/2023 10:30,4466.25,4464.18
8/29/2023 11:00,4464.26,4474.62
8/29/2023 11:30,4474.64,4482.38
8/29/2023 12:00,4482.53,4489.19
8/29/2023 12:30,4489.19,4486.33
8/29/2023 13:00,4486.43,4488.84
8/29/2023 13:30,4488.86,4486.94
8/29/2023 14:00,4486.88,4489.72
8/29/2023 14:30,4489.79,4491.31
8/29/2023 15:00,4491.28,4497.95
8/29/2023 15:30,4497.66,4497.7
8/29/2023 16:00,4497.86,4497.63
8/30/2023 9:30,4500.34,4517.68
8/30/2023 10:00,4517.79,4498.26
8/30/2023 10:30,4498.39,4511.46
8/30/2023 11:00,4511.55,4510.17
8/30/2023 11:30,4510.01,4516.1
8/30/2023 12:00,4515.69,4518.64
8/30/2023 12:30,4518.73,4519.44
8/30/2023 13:00,4519.44,4515.18
8/30/2023 13:30,4515.13,4512.85
8/30/2023 14:00,4512.58,4506.85
8/30/2023 14:30,4506.88,4516.9
8/30/2023 15:00,4517.15,4514.47
8/30/2023 15:30,4514.55,4515.48
8/30/2023 16:00,4515.15,4514.87
8/31/2023 9:30,4517.01,4528.54
8/31/2023 10:00,4528.84,4530.88
8/31/2023 10:30,4530.89,4528.12
8/31/2023 11:00,4527.83,4525
8/31/2023 11:30,4524.81,4523.19
8/31/2023 12:00,4523.18,4517.92
8/31/2023 12:30,4517.91,4513.68
8/31/2023 13:00,4513.47,4521.69
8/31/2023 13:30,4521.89,4518.74
8/31/2023 14:00,4518.64,4524.02
8/31/2023 14:30,4524.02,4513.07
8/31/2023 15:00,4512.97,4516.04
8/31/2023 15:30,4516.08,4507.39
8/31/2023 16:00,4507.43,4507.66
9/1/2023 9:30,4530.6,4527.4
9/1/2023 10:00,4525.85,4530.92
9/1/2023 10:30,4530.71,4513.87
9/1/2023 11:00,4513.57,4512.79
9/1/2023 11:30,4512.99,4503.17
9/1/2023 12:00,4503.12,4510.12
9/1/2023 12:30,4509.9,4512.03
9/1/2023 13:00,4512.09,4508.18
9/1/2023 13:30,4508.1,4511.05
9/1/2023 14:00,4511.11,4505.77
9/1/2023 14:30,4505.61,4509.93
9/1/2023 15:00,4509.85,4514.31
9/1/2023 15:30,4514.72,4516.02
9/1/2023 16:00,4515.86,4515.77
9/5/2023 9:30,4510.06,4499.45
9/5/2023 10:00,4499.74,4502.84
9/5/2023 10:30,4502.79,4505.01
9/5/2023 11:00,4505.57,4507.08
9/5/2023 11:30,4507.24,4506.08
9/5/2023 12:00,4506.08,4507.95
9/5/2023 12:30,4508.01,4507.21
9/5/2023 13:00,4507.38,4500.02
9/5/2023 13:30,4500.04,4503.87
9/5/2023 14:00,4503.99,4507.74
9/5/2023 14:30,4507.78,4509.99
9/5/2023 15:00,4510.04,4502.26
9/5/2023 15:30,4502.33,4496.86
9/5/2023 16:00,4496.82,4496.83
9/6/2023 9:30,4490.35,4482.68
9/6/2023 10:00,4480.13,4464.4
9/6/2023 10:30,4464,4460.26
9/6/2023 11:00,4460.3,4461.85
9/6/2023 11:30,4461.8,4459.57
9/6/2023 12:00,4459.5,4452.59
9/6/2023 12:30,4452.53,4446.38
9/6/2023 13:00,4446.21,4452.79
9/6/2023 13:30,4452.73,4456.87
9/6/2023 14:00,4456.5,4460.79
9/6/2023 14:30,4460.81,4462.94
9/6/2023 15:00,4462.95,4461.82
9/6/2023 15:30,4461.82,4465.78
9/6/2023 16:00,4465.69,4465.48
9/7/2023 9:30,4434.55,4437.5
9/7/2023 10:00,4437.72,4435.25
9/7/2023 10:30,4435.33,4443.25
9/7/2023 11:00,4443.39,4445.39
9/7/2023 11:30,4445.38,4442.93
9/7/2023 12:00,4442.55,4453.71
9/7/2023 12:30,4453.69,4447.75
9/7/2023 13:00,4447.62,4453.54
9/7/2023 13:30,4453.81,4453.93
9/7/2023 14:00,4453.83,4447.38
9/7/2023 14:30,4447.17,4452.73
9/7/2023 15:00,4452.74,4452.46
9/7/2023 15:30,4452.32,4451.27
9/7/2023 16:00,4451.27,4451.14
9/8/2023 9:30,4451.3,4460.81
9/8/2023 10:00,4461.27,4471.12
9/8/2023 10:30,4471.48,4461.76
9/8/2023 11:00,4461.31,4468.46
9/8/2023 11:30,4468.7,4464.75
9/8/2023 12:00,4464.82,4465.53
9/8/2023 12:30,4465.6,4463.81
9/8/2023 13:00,4463.64,4460.34
9/8/2023 13:30,4460.51,4461.46
9/8/2023 14:00,4461.43,4456.13
9/8/2023 14:30,4456.17,4451.88
9/8/2023 15:00,4451.74,4449.47
9/8/2023 15:30,4449.36,4457.83
9/8/2023 16:00,4457.67,4457.49
9/11/2023 9:30,4480.98,4472.7
9/11/2023 10:00,4472.75,4480.58
9/11/2023 10:30,4480.26,4471.91
9/11/2023 11:00,4471.84,4475.9
9/11/2023 11:30,4475.86,4471.64
9/11/2023 12:00,4471.64,4480.1
9/11/2023 12:30,4480.24,4479.98
9/11/2023 13:00,4480.01,4484.68
9/11/2023 13:30,4484.78,4486.64
9/11/2023 14:00,4486.8,4487.08
9/11/2023 14:30,4487.13,4487.02
9/11/2023 15:00,4487.02,4488.88
9/11/2023 15:30,4488.79,4487.73
9/11/2023 16:00,4487.68,4487.46
9/12/2023 9:30,4473.27,4479.12
9/12/2023 10:00,4479.13,4468.94
9/12/2023 10:30,4468.45,4465.15
9/12/2023 11:00,4465.07,4470.13
9/12/2023 11:30,4470.18,4473.43
9/12/2023 12:00,4473.61,4475.64
9/12/2023 12:30,4475.6,4475.55
9/12/2023 13:00,4475.52,4485.12
9/12/2023 13:30,4485.41,4473.16
9/12/2023 14:00,4472.95,4471.67
9/12/2023 14:30,4471.25,4463.23
9/12/2023 15:00,4463.04,4458.85
9/12/2023 15:30,4459.18,4462.07
9/12/2023 16:00,4462.11,4461.9
9/13/2023 9:30,4462.65,4472.48
9/13/2023 10:00,4472.74,4464.06
9/13/2023 10:30,4464.05,4473.08
9/13/2023 11:00,4473.6,4477.66
9/13/2023 11:30,4477.91,4475.09
9/13/2023 12:00,4475.24,4476.38
9/13/2023 12:30,4476.59,4475.48
9/13/2023 13:00,4475.48,4475.73
9/13/2023 13:30,4475.89,4476.37
9/13/2023 14:00,4476.31,4473.83
9/13/2023 14:30,4473.86,4464.72
9/13/2023 15:00,4464.62,4462.59
9/13/2023 15:30,4463,4467.77
9/13/2023 16:00,4467.57,4467.44
9/14/2023 9:30,4487.78,4490.23
9/14/2023 10:00,4491.05,4486.25
9/14/2023 10:30,4486.56,4496.41
9/14/2023 11:00,4496.65,4496.3
9/14/2023 11:30,4496.4,4500.7
9/14/2023 12:00,4500.67,4502.23
9/14/2023 12:30,4502.21,4508.09
9/14/2023 13:00,4508.09,4505.31
9/14/2023 13:30,4505.49,4503.03
9/14/2023 14:00,4502.85,4501.72
9/14/2023 14:30,4501.68,4507.2
9/14/2023 15:00,4507.25,4504.64
9/14/2023 15:30,4504.45,4505.18
9/14/2023 16:00,4505.35,4505.1
9/15/2023 9:30,4497.98,4481.53
9/15/2023 10:00,4483.31,4477.8
9/15/2023 10:30,4477.74,4462.41
9/15/2023 11:00,4462.34,4466.74
9/15/2023 11:30,4466.36,4468.11
9/15/2023 12:00,4468.26,4466.67
9/15/2023 12:30,4466.62,4468.86
9/15/2023 13:00,4468.86,4451.26
9/15/2023 13:30,4451.06,4456.91
9/15/2023 14:00,4457.03,4450.1
9/15/2023 14:30,4450.01,4455.62
9/15/2023 15:00,4455.57,4454.32
9/15/2023 15:30,4454.5,4450.25
9/15/2023 16:00,4450.34,4450.32
9/18/2023 9:30,4445.13,4446.95
9/18/2023 10:00,4446.5,4450.92
9/18/2023 10:30,4451.09,4453.6
9/18/2023 11:00,4453.43,4457.35
9/18/2023 11:30,4457.41,4463.27
9/18/2023 12:00,4463.39,4463.39
9/18/2023 12:30,4463.79,4461.47
9/18/2023 13:00,4461.52,4461.64
9/18/2023 13:30,4461.92,4459.95
9/18/2023 14:00,4460.09,4457.86
9/18/2023 14:30,4457.92,4452.28
9/18/2023 15:00,4452.21,4452.39
9/18/2023 15:30,4452.31,4453.66
9/18/2023 16:00,4453.53,4453.53
9/19/2023 9:30,4445.41,4438.86
9/19/2023 10:00,4438.96,4433.22
9/19/2023 10:30,4432.99,4423
9/19/2023 11:00,4422.85,4425.7
9/19/2023 11:30,4425.56,4425.73
9/19/2023 12:00,4425.72,4422.59
9/19/2023 12:30,4422.55,4423.26
9/19/2023 13:00,4423.27,4428.01
9/19/2023 13:30,4428.06,4438.39
9/19/2023 14:00,4438.5,4437.6
9/19/2023 14:30,4437.55,4438.6
9/19/2023 15:00,4438.02,4441.77
9/19/2023 15:30,4441.73,4444.15
9/19/2023 16:00,4444.13,4443.95
9/20/2023 9:30,4452.81,4457.99
9/20/2023 10:00,4458.2,4454.6
9/20/2023 10:30,4454.6,4452.87
9/20/2023 11:00,4452.76,4449.53
9/20/2023 11:30,4449.5,4453.99
9/20/2023 12:00,4453.91,4454.89
9/20/2023 12:30,4455.02,4456.56
9/20/2023 13:00,4456.49,4453.1
9/20/2023 13:30,4453.12,4452.38
9/20/2023 14:00,4452.4,4442.79
9/20/2023 14:30,4442.75,4435.16
9/20/2023 15:00,4434.33,4425.33
9/20/2023 15:30,4425.74,4402.01
9/20/2023 16:00,4402.27,4402.2
9/21/2023 9:30,4374.36,4356.34
9/21/2023 10:00,4356.93,4363.3
9/21/2023 10:30,4363.37,4357.16
9/21/2023 11:00,4357.19,4354.48
9/21/2023 11:30,4354.4,4355.79
9/21/2023 12:00,4355.77,4353.82
9/21/2023 12:30,4353.98,4352.28
9/21/2023 13:00,4352.21,4362.71
9/21/2023 13:30,4362.68,4360.72
9/21/2023 14:00,4360.62,4349.71
9/21/2023 14:30,4349.62,4347.31
9/21/2023 15:00,4347.37,4337.84
9/21/2023 15:30,4337.67,4329.76
9/21/2023 16:00,4329.87,4330
9/22/2023 9:30,4341.74,4341.03
9/22/2023 10:00,4340.48,4344.33
9/22/2023 10:30,4344.3,4353.38
9/22/2023 11:00,4353.6,4355.31
9/22/2023 11:30,4355.35,4345.86
9/22/2023 12:00,4345.79,4349.04
9/22/2023 12:30,4349.22,4350.66
9/22/2023 13:00,4350.66,4338.05
9/22/2023 13:30,4337.62,4332.61
9/22/2023 14:00,4332.56,4326.65
9/22/2023 14:30,4326.6,4326.71
9/22/2023 15:00,4326.34,4342.4
9/22/2023 15:30,4342.66,4319.68
9/22/2023 16:00,4319.81,4320.06
9/25/2023 9:30,4310.62,4322.51
9/25/2023 10:00,4322.72,4311.89
9/25/2023 10:30,4311.61,4308.6
9/25/2023 11:00,4308.69,4326.33
9/25/2023 11:30,4326.68,4328.69
9/25/2023 12:00,4328.96,4335.32
9/25/2023 12:30,4335.53,4326.84
9/25/2023 13:00,4326.67,4325.73
9/25/2023 13:30,4325.55,4330.64
9/25/2023 14:00,4330.63,4326.43
9/25/2023 14:30,4326.19,4324.71
9/25/2023 15:00,4324.81,4326.71
9/25/2023 15:30,4326.31,4337.98
9/25/2023 16:00,4337.65,4337.44
9/26/2023 9:30,4312.88,4301.85
9/26/2023 10:00,4301.57,4294.53
9/26/2023 10:30,4294.45,4295.51
9/26/2023 11:00,4295.54,4283.39
9/26/2023 11:30,4283.27,4286.52
9/26/2023 12:00,4286.54,4291.95
9/26/2023 12:30,4291.84,4291.67
9/26/2023 13:00,4291.66,4285.78
9/26/2023 13:30,4285.21,4282.89
9/26/2023 14:00,4282.75,4274.7
9/26/2023 14:30,4274.55,4273.61
9/26/2023 15:00,4273.48,4268.02
9/26/2023 15:30,4268.31,4273.68
9/26/2023 16:00,4273.58,4273.53
9/27/2023 9:30,4282.63,4284.6
9/27/2023 10:00,4284.72,4283.68
9/27/2023 10:30,4283.55,4267.04
9/27/2023 11:00,4266.96,4274.97
9/27/2023 11:30,4275.03,4264.56
9/27/2023 12:00,4264.56,4257.17
9/27/2023 12:30,4257.12,4256.12
9/27/2023 13:00,4256.17,4243.73
9/27/2023 13:30,4243.42,4248.44
9/27/2023 14:00,4248.38,4259.47
9/27/2023 14:30,4259.49,4274.72
9/27/2023 15:00,4274.5,4280.96
9/27/2023 15:30,4280.86,4275.29
9/27/2023 16:00,4274.92,4274.51
9/28/2023 9:30,4269.65,4282.44
9/28/2023 10:00,4282.38,4278.82
9/28/2023 10:30,4279.05,4288.93
9/28/2023 11:00,4288.86,4298.12
9/28/2023 11:30,4298.36,4310.02
9/28/2023 12:00,4310.15,4316.55
9/28/2023 12:30,4316.67,4304.31
9/28/2023 13:00,4304.4,4299.96
9/28/2023 13:30,4300.04,4296.33
9/28/2023 14:00,4296.48,4303.88
9/28/2023 14:30,4304.05,4298.54
9/28/2023 15:00,4298.54,4312.06
9/28/2023 15:30,4311.96,4299.8
9/28/2023 16:00,4299.74,4299.7
9/29/2023 9:30,4328.18,4329.57
9/29/2023 10:00,4330.41,4318.28
9/29/2023 10:30,4318.38,4320.78
9/29/2023 11:00,4320.89,4315.24
9/29/2023 11:30,4315.01,4307.26
9/29/2023 12:00,4307.19,4309.25
9/29/2023 12:30,4309.39,4297.14
9/29/2023 13:00,4296.89,4289.87
9/29/2023 13:30,4289.54,4277.21
9/29/2023 14:00,4277,4277.44
9/29/2023 14:30,4277.31,4296.77
9/29/2023 15:00,4296.93,4291.09
9/29/2023 15:30,4290.53,4288.33
9/29/2023 16:00,4288.46,4288.05
10/2/2023 9:30,4284.52,4282.54
10/2/2023 10:00,4280.56,4282.53
10/2/2023 10:30,4282.76,4278.94
10/2/2023 11:00,4278.85,4298.37
10/2/2023 11:30,4298.64,4273.08
10/2/2023 12:00,4272.9,4270.5
10/2/2023 12:30,4270.43,4263.29
10/2/2023 13:00,4263.25,4271.26
10/2/2023 13:30,4271.28,4269.78
10/2/2023 14:00,4269.59,4264.17
10/2/2023 14:30,4264.34,4266.09
10/2/2023 15:00,4265.54,4272.92
10/2/2023 15:30,4272.89,4288.54
10/2/2023 16:00,4288.4,4288.39
10/3/2023 9:30,4269.75,4277.69
10/3/2023 10:00,4277.36,4240.04
10/3/2023 10:30,4239.08,4232.6
10/3/2023 11:00,4232.29,4230.07
10/3/2023 11:30,4229.82,4226.2
10/3/2023 12:00,4226.19,4238.66
10/3/2023 12:30,4238.67,4236.67
10/3/2023 13:00,4236.61,4232.78
10/3/2023 13:30,4232.83,4223.51
10/3/2023 14:00,4223.53,4219.36
10/3/2023 14:30,4219.29,4226.09
10/3/2023 15:00,4225.97,4220.62
10/3/2023 15:30,4220.77,4230.24
10/3/2023 16:00,4229.95,4229.45
10/4/2023 9:30,4233.83,4240.05
10/4/2023 10:00,4238.37,4220.85
10/4/2023 10:30,4221.33,4224.52
10/4/2023 11:00,4224.29,4242.52
10/4/2023 11:30,4242.89,4253.88
10/4/2023 12:00,4254.29,4254.28
10/4/2023 12:30,4254.31,4250.96
10/4/2023 13:00,4250.88,4240.68
10/4/2023 13:30,4240.7,4236.66
10/4/2023 14:00,4236.5,4239.2
10/4/2023 14:30,4239.38,4246.53
10/4/2023 15:00,4246.66,4258.7
10/4/2023 15:30,4259.33,4263.34
10/4/2023 16:00,4263.32,4263.75
10/5/2023 9:30,4259.31,4255.63
10/5/2023 10:00,4255.8,4248.44
10/5/2023 10:30,4247.97,4233.68
10/5/2023 11:00,4233.21,4233.92
10/5/2023 11:30,4233.55,4234.11
10/5/2023 12:00,4234.15,4245.71
10/5/2023 12:30,4245.8,4239.84
10/5/2023 13:00,4239.81,4242.73
10/5/2023 13:30,4243,4254.24
10/5/2023 14:00,4254.22,4256.46
10/5/2023 14:30,4256.5,4264.55
10/5/2023 15:00,4264.55,4262.5
10/5/2023 15:30,4262.43,4258.35
10/5/2023 16:00,4258.19,4258.19
10/6/2023 9:30,4234.79,4232.45
10/6/2023 10:00,4231.76,4242.56
10/6/2023 10:30,4242.8,4251.21
10/6/2023 11:00,4251.46,4270.82
10/6/2023 11:30,4271.38,4301.87
10/6/2023 12:00,4301.9,4295.61
10/6/2023 12:30,4295.86,4295.7
10/6/2023 13:00,4295.72,4307.27
10/6/2023 13:30,4307.35,4310.32
10/6/2023 14:00,4310.27,4317.44
10/6/2023 14:30,4317.61,4319.97
10/6/2023 15:00,4320.07,4321.01
10/6/2023 15:30,4320.93,4308.51
10/6/2023 16:00,4308.46,4308.5
10/9/2023 9:30,4289.02,4302.14
10/9/2023 10:00,4302.06,4296.63
10/9/2023 10:30,4296.9,4287.12
10/9/2023 11:00,4287.03,4300.19
10/9/2023 11:30,4300.28,4303.81
10/9/2023 12:00,4303.8,4305.33
10/9/2023 12:30,4305.37,4302.61
10/9/2023 13:00,4302.69,4312.48
10/9/2023 13:30,4312.72,4334.38
10/9/2023 14:00,4334.79,4337.62
10/9/2023 14:30,4337.67,4338.86
10/9/2023 15:00,4338.55,4336.07
10/9/2023 15:30,4335.97,4335.94
10/9/2023 16:00,4335.74,4335.66
10/10/2023 9:30,4339.75,4350.06
10/10/2023 10:00,4350.53,4364.2
10/10/2023 10:30,4364.44,4366.84
10/10/2023 11:00,4366.88,4377.18
10/10/2023 11:30,4377.19,4383.09
10/10/2023 12:00,4383.18,4384.07
10/10/2023 12:30,4384.05,4381.45
10/10/2023 13:00,4381.35,4367.15
10/10/2023 13:30,4367.04,4367.75
10/10/2023 14:00,4367.64,4361.01
10/10/2023 14:30,4361.29,4359.27
10/10/2023 15:00,4359.24,4360.84
10/10/2023 15:30,4360.75,4358.42
10/10/2023 16:00,4358.4,4358.24
10/11/2023 9:30,4366.59,4368.82
10/11/2023 10:00,4368.86,4363.27
10/11/2023 10:30,4363.38,4368.31
10/11/2023 11:00,4368.51,4357.72
10/11/2023 11:30,4357.77,4358.21
10/11/2023 12:00,4358.29,4352.18
10/11/2023 12:30,4352.16,4354.83
10/11/2023 13:00,4354.83,4350.28
10/11/2023 13:30,4350.19,4351.87
10/11/2023 14:00,4351.63,4359.3
10/11/2023 14:30,4359.38,4363.49
10/11/2023 15:00,4363.49,4367.63
10/11/2023 15:30,4367.32,4376.76
10/11/2023 16:00,4376.75,4376.95
10/12/2023 9:30,4380.94,4368.08
10/12/2023 10:00,4368.01,4372.3
10/12/2023 10:30,4372.34,4374.5
10/12/2023 11:00,4374.58,4374.88
10/12/2023 11:30,4374.85,4378.08
10/12/2023 12:00,4378.14,4384.9
10/12/2023 12:30,4384.93,4378.2
10/12/2023 13:00,4377.88,4347.25
10/12/2023 13:30,4346.57,4336.95
10/12/2023 14:00,4336.96,4338.61
10/12/2023 14:30,4338.49,4342.45
10/12/2023 15:00,4342.89,4346.65
10/12/2023 15:30,4346.66,4349.74
10/12/2023 16:00,4349.65,4349.61
10/13/2023 9:30,4360.49,4372.52
10/13/2023 10:00,4370.4,4357.33
10/13/2023 10:30,4357.35,4340.77
10/13/2023 11:00,4340.43,4334
10/13/2023 11:30,4334.01,4326.13
10/13/2023 12:00,4325.8,4341.6
10/13/2023 12:30,4341.79,4333.76
10/13/2023 13:00,4333.72,4314.9
10/13/2023 13:30,4314.78,4326.61
10/13/2023 14:00,4326.5,4327.07
10/13/2023 14:30,4326.87,4328.61
10/13/2023 15:00,4328.7,4323.71
10/13/2023 15:30,4324.15,4327.97
10/13/2023 16:00,4328.03,4327.78
10/16/2023 9:30,4342.37,4356.52
10/16/2023 10:00,4356.61,4371.46
10/16/2023 10:30,4371.94,4380.44
10/16/2023 11:00,4380.69,4378.01
10/16/2023 11:30,4378.07,4372.33
10/16/2023 12:00,4372.6,4373.34
10/16/2023 12:30,4373.36,4372.24
10/16/2023 13:00,4372.33,4368.98
10/16/2023 13:30,4369.22,4377.12
10/16/2023 14:00,4377.31,4372.18
10/16/2023 14:30,4372.15,4377.83
10/16/2023 15:00,4377.82,4381.36
10/16/2023 15:30,4381.12,4371.8
10/16/2023 16:00,4373.01,4373.63
10/17/2023 9:30,4345.23,4339.87
10/17/2023 10:00,4339.62,4359.69
10/17/2023 10:30,4359.83,4364.21
10/17/2023 11:00,4364.21,4372.1
10/17/2023 11:30,4372.17,4385.05
10/17/2023 12:00,4385.15,4393
10/17/2023 12:30,4392.82,4380.61
10/17/2023 13:00,4380.74,4376.25
10/17/2023 13:30,4376.22,4361.56
10/17/2023 14:00,4361.69,4364.38
10/17/2023 14:30,4364.37,4358.76
10/17/2023 15:00,4358.64,4367.4
10/17/2023 15:30,4367.71,4373.28
10/17/2023 16:00,4373.26,4373.2
10/18/2023 9:30,4357.35,4353.02
10/18/2023 10:00,4352.62,4349.15
10/18/2023 10:30,4348.95,4338.04
10/18/2023 11:00,4337.9,4341.32
10/18/2023 11:30,4341.29,4337.85
10/18/2023 12:00,4337.93,4332.93
10/18/2023 12:30,4333.03,4327.94
10/18/2023 13:00,4327.84,4342.69
10/18/2023 13:30,4342.68,4337.68
10/18/2023 14:00,4337.59,4333.33
10/18/2023 14:30,4333.33,4324.56
10/18/2023 15:00,4324.41,4316.92
10/18/2023 15:30,4317.37,4314.09
10/18/2023 16:00,4314.51,4314.6
10/19/2023 9:30,4321.36,4320.13
10/19/2023 10:00,4320.15,4303.42
10/19/2023 10:30,4302.58,4301.45
10/19/2023 11:00,4301.54,4307.03
10/19/2023 11:30,4306.91,4312.27
10/19/2023 12:00,4312.45,4313.02
10/19/2023 12:30,4313.53,4322.6
10/19/2023 13:00,4322.99,4323.66
10/19/2023 13:30,4325.39,4307.18
10/19/2023 14:00,4306.64,4302.23
10/19/2023 14:30,4301.89,4281.73
10/19/2023 15:00,4281.63,4278.73
10/19/2023 15:30,4279.15,4277.32
10/19/2023 16:00,4277.46,4278
10/20/2023 9:30,4273.85,4263.4
10/20/2023 10:00,4263.16,4245.19
10/20/2023 10:30,4244.66,4235.37
10/20/2023 11:00,4235.07,4234.82
10/20/2023 11:30,4234.87,4245.54
10/20/2023 12:00,4245.77,4241.89
10/20/2023 12:30,4241.99,4254.79
10/20/2023 13:00,4254.74,4253.17
10/20/2023 13:30,4253.56,4253.81
10/20/2023 14:00,4253.76,4238.11
10/20/2023 14:30,4237.73,4238.02
10/20/2023 15:00,4238.15,4235.19
10/20/2023 15:30,4235.3,4223.52
10/20/2023 16:00,4223.81,4224.16
10/23/2023 9:30,4210.4,4218.19
10/23/2023 10:00,4217.82,4220.56
10/23/2023 10:30,4220.95,4225.65
10/23/2023 11:00,4225.87,4235.88
10/23/2023 11:30,4235.79,4240.29
10/23/2023 12:00,4240.37,4239.92
10/23/2023 12:30,4239.7,4255.44
10/23/2023 13:00,4255.84,4241.08
10/23/2023 13:30,4240.88,4241.45
10/23/2023 14:00,4241.15,4235.84
10/23/2023 14:30,4236.03,4238.89
10/23/2023 15:00,4238.92,4222.31
10/23/2023 15:30,4221.49,4216.85
10/23/2023 16:00,4216.99,4217.04
10/24/2023 9:30,4235.79,4250.35
10/24/2023 10:00,4249.83,4255.39
10/24/2023 10:30,4255.49,4253.58
10/24/2023 11:00,4253.71,4241.38
10/24/2023 11:30,4240.92,4243.94
10/24/2023 12:00,4243.91,4227.22
10/24/2023 12:30,4227.06,4224.1
10/24/2023 13:00,4223.99,4232.99
10/24/2023 13:30,4233.05,4233.34
10/24/2023 14:00,4233.21,4241.24
10/24/2023 14:30,4242.34,4246.97
10/24/2023 15:00,4246.92,4252.04
10/24/2023 15:30,4252.24,4247.7
10/24/2023 16:00,4247.42,4247.68
10/25/2023 9:30,4232.42,4213.14
10/25/2023 10:00,4211.84,4204.8
10/25/2023 10:30,4204.48,4212.85
10/25/2023 11:00,4212.79,4220.87
10/25/2023 11:30,4220.66,4206.8
10/25/2023 12:00,4206.28,4203.64
10/25/2023 12:30,4203.6,4197.23
10/25/2023 13:00,4197.21,4191.04
10/25/2023 13:30,4190.45,4188.3
10/25/2023 14:00,4188.25,4188.81
10/25/2023 14:30,4188.83,4188.3
10/25/2023 15:00,4188.34,4190.87
10/25/2023 15:30,4191.11,4186.74
10/25/2023 16:00,4187.02,4186.77
10/26/2023 9:30,4175.99,4165.35
10/26/2023 10:00,4163.55,4165.33
10/26/2023 10:30,4165.15,4174.66
10/26/2023 11:00,4174.8,4154.9
10/26/2023 11:30,4154.79,4156.7
10/26/2023 12:00,4156.35,4140.85
10/26/2023 12:30,4140.8,4132.74
10/26/2023 13:00,4132.78,4133.17
10/26/2023 13:30,4133.02,4147.61
10/26/2023 14:00,4147.61,4153.13
10/26/2023 14:30,4153.02,4166.57
10/26/2023 15:00,4166.45,4153.27
10/26/2023 15:30,4153.17,4136.8
10/26/2023 16:00,4137.08,4137.23
10/27/2023 9:30,4152.93,4145.37
10/27/2023 10:00,4143.1,4141.59
10/27/2023 10:30,4141.56,4146.01
10/27/2023 11:00,4146.04,4150.79
10/27/2023 11:30,4150.87,4145.56
10/27/2023 12:00,4145.39,4136.44
10/27/2023 12:30,4136.54,4129.15
10/27/2023 13:00,4129.01,4118.68
10/27/2023 13:30,4118.62,4115
10/27/2023 14:00,4114.76,4109.11
10/27/2023 14:30,4109.07,4106.63
10/27/2023 15:00,4106.46,4115.52
10/27/2023 15:30,4115.59,4118.2
10/27/2023 16:00,4117.74,4117.37
10/30/2023 9:30,4139.39,4159.95
10/30/2023 10:00,4160.44,4140.4
10/30/2023 10:30,4140.14,4140.66
10/30/2023 11:00,4141.14,4140.15
10/30/2023 11:30,4140.17,4150.84
10/30/2023 12:00,4150.76,4144.36
10/30/2023 12:30,4144.29,4142.48
10/30/2023 13:00,4142.67,4161.14
10/30/2023 13:30,4161.32,4167.37
10/30/2023 14:00,4167.37,4163.51
10/30/2023 14:30,4163.53,4168.77
10/30/2023 15:00,4168.87,4172.96
10/30/2023 15:30,4172.98,4166.56
10/30/2023 16:00,4166.78,4166.82
10/31/2023 9:30,4171.33,4158.22
10/31/2023 10:00,4157.2,4167.94
10/31/2023 10:30,4168.02,4173.49
10/31/2023 11:00,4174.09,4167.62
10/31/2023 11:30,4167.58,4175.27
10/31/2023 12:00,4175.19,4169.63
10/31/2023 12:30,4169.67,4177.81
10/31/2023 13:00,4177.92,4180
10/31/2023 13:30,4180.26,4189.15
10/31/2023 14:00,4189.23,4181.56
10/31/2023 14:30,4181.66,4191.82
10/31/2023 15:00,4191.85,4193.01
10/31/2023 15:30,4192.91,4193.47
10/31/2023 16:00,4193.64,4193.8
11/1/2023 9:30,4201.27,4205.99
11/1/2023 10:00,4210.15,4222.72
11/1/2023 10:30,4222.81,4223.31
11/1/2023 11:00,4223.13,4214.31
11/1/2023 11:30,4214.23,4217.76
11/1/2023 12:00,4217.75,4211.01
11/1/2023 12:30,4210.99,4208.06
11/1/2023 13:00,4208,4208.51
11/1/2023 13:30,4208.49,4211.3
11/1/2023 14:00,4211.31,4214.95
11/1/2023 14:30,4215.03,4224.21
11/1/2023 15:00,4224.55,4239.23
11/1/2023 15:30,4239.03,4237.6
11/1/2023 16:00,4237.78,4237.86
11/2/2023 9:30,4268.26,4286.3
11/2/2023 10:00,4286.65,4293.04
11/2/2023 10:30,4293.43,4303.97
11/2/2023 11:00,4304.2,4298.12
11/2/2023 11:30,4298.04,4298.84
11/2/2023 12:00,4298.72,4298.14
11/2/2023 12:30,4298.26,4302.01
11/2/2023 13:00,4301.95,4307.11
11/2/2023 13:30,4307.37,4313.61
11/2/2023 14:00,4313.63,4312.46
11/2/2023 14:30,4312.56,4313.48
11/2/2023 15:00,4313.42,4313.67
11/2/2023 15:30,4313.58,4318.16
11/2/2023 16:00,4317.79,4317.78
11/3/2023 9:30,4334.23,4358.09
11/3/2023 10:00,4361.43,4349.07
11/3/2023 10:30,4348.89,4352.04
11/3/2023 11:00,4352.34,4350.43
11/3/2023 11:30,4350.81,4360.45
11/3/2023 12:00,4360.65,4366.35
11/3/2023 12:30,4366.34,4368.03
11/3/2023 13:00,4367.94,4361.38
11/3/2023 13:30,4361.45,4367.15
11/3/2023 14:00,4367.13,4368.01
11/3/2023 14:30,4368.02,4371.71
11/3/2023 15:00,4371.73,4365.4
11/3/2023 15:30,4365.21,4358.2
11/3/2023 16:00,4358.16,4358.34
11/6/2023 9:30,4364.27,4365.72
11/6/2023 10:00,4366.33,4363.53
11/6/2023 10:30,4363.64,4364.63
11/6/2023 11:00,4364.57,4365.26
11/6/2023 11:30,4365.12,4366.02
11/6/2023 12:00,4365.99,4361.14
11/6/2023 12:30,4361.06,4360.08
11/6/2023 13:00,4360.09,4352.52
11/6/2023 13:30,4352.49,4353.44
11/6/2023 14:00,4353.52,4353.2
11/6/2023 14:30,4353.17,4361.27
11/6/2023 15:00,4361.25,4360.85
11/6/2023 15:30,4361,4367.05
11/6/2023 16:00,4366.56,4365.98
11/7/2023 9:30,4366.21,4366.57
11/7/2023 10:00,4366.85,4375.18
11/7/2023 10:30,4375.22,4382.62
11/7/2023 11:00,4382.6,4381.27
11/7/2023 11:30,4381.4,4379.32
11/7/2023 12:00,4379.38,4373.55
11/7/2023 12:30,4373.58,4377.38
11/7/2023 13:00,4377.54,4381.03
11/7/2023 13:30,4381.11,4382.96
11/7/2023 14:00,4382.94,4383.61
11/7/2023 14:30,4383.81,4379.49
11/7/2023 15:00,4379.59,4382.56
11/7/2023 15:30,4382.77,4378.88
11/7/2023 16:00,4378.62,4378.38
11/8/2023 9:30,4384.37,4387.63
11/8/2023 10:00,4388.88,4379.66
11/8/2023 10:30,4379.53,4376.27
11/8/2023 11:00,4376.3,4375.58
11/8/2023 11:30,4375.55,4371.04
11/8/2023 12:00,4370.92,4365.32
11/8/2023 12:30,4365.05,4368.8
11/8/2023 13:00,4368.77,4374.41
11/8/2023 13:30,4374.55,4376.25
11/8/2023 14:00,4376.16,4380.73
11/8/2023 14:30,4380.79,4375.44
11/8/2023 15:00,4375.51,4379.81
11/8/2023 15:30,4379.74,4383.09
11/8/2023 16:00,4383.1,4382.78
11/9/2023 9:30,4391.41,4388.32
11/9/2023 10:00,4389.61,4374.33
11/9/2023 10:30,4374.37,4379.37
11/9/2023 11:00,4379.34,4383.91
11/9/2023 11:30,4383.82,4387.27
11/9/2023 12:00,4387.34,4381.49
11/9/2023 12:30,4381.45,4385.58
11/9/2023 13:00,4385.6,4373.69
11/9/2023 13:30,4373.55,4363.87
11/9/2023 14:00,4363.52,4357.33
11/9/2023 14:30,4357.01,4347.91
11/9/2023 15:00,4347.57,4347.07
11/9/2023 15:30,4347.04,4347.54
11/9/2023 16:00,4347.51,4347.35
11/10/2023 9:30,4364.15,4367.22
11/10/2023 10:00,4364.02,4356.91
11/10/2023 10:30,4357.08,4362.81
11/10/2023 11:00,4362.75,4375.08
11/10/2023 11:30,4375.09,4376.62
11/10/2023 12:00,4376.58,4382.6
11/10/2023 12:30,4382.73,4396.5
11/10/2023 13:00,4396.52,4398.71
11/10/2023 13:30,4398.75,4403.99
11/10/2023 14:00,4404.07,4407.03
11/10/2023 14:30,4407.15,4405.35
11/10/2023 15:00,4405.31,4412.7
11/10/2023 15:30,4412.61,4415.26
11/10/2023 16:00,4415.51,4415.24
11/13/2023 9:30,4406.66,4397.97
11/13/2023 10:00,4397.67,4401.05
11/13/2023 10:30,4401.03,4406.08
11/13/2023 11:00,4406.06,4413.83
11/13/2023 11:30,4413.76,4418.64
11/13/2023 12:00,4418.61,4416.62
11/13/2023 12:30,4416.72,4414.24
11/13/2023 13:00,4414.2,4410.62
11/13/2023 13:30,4410.63,4414.14
11/13/2023 14:00,4414.13,4418.03
11/13/2023 14:30,4418.15,4415.06
11/13/2023 15:00,4414.7,4416.41
11/13/2023 15:30,4416.37,4411.21
11/13/2023 16:00,4411.36,4411.55
11/14/2023 9:30,4458.97,4488.07
11/14/2023 10:00,4488.62,4496.65
11/14/2023 10:30,4496.86,4497.88
11/14/2023 11:00,4497.86,4502.86
11/14/2023 11:30,4502.94,4492.5
11/14/2023 12:00,4492.46,4489.44
11/14/2023 12:30,4489.53,4495.63
11/14/2023 13:00,4495.71,4496.57
11/14/2023 13:30,4496.78,4490.97
11/14/2023 14:00,4490.96,4493.62
11/14/2023 14:30,4493.68,4502.57
11/14/2023 15:00,4502.61,4506.75
11/14/2023 15:30,4506.74,4496.03
11/14/2023 16:00,4496.02,4495.7
11/15/2023 9:30,4505.3,4506.22
11/15/2023 10:00,4506.35,4514.65
11/15/2023 10:30,4514.93,4518.5
11/15/2023 11:00,4518.75,4515.63
11/15/2023 11:30,4515.59,4505.55
11/15/2023 12:00,4505.62,4508.95
11/15/2023 12:30,4508.91,4504.94
11/15/2023 13:00,4504.72,4504.68
11/15/2023 13:30,4504.58,4509.64
11/15/2023 14:00,4509.86,4511.51
11/15/2023 14:30,4511.64,4509.91
11/15/2023 15:00,4509.88,4508.11
11/15/2023 15:30,4508.33,4503.53
11/15/2023 16:00,4502.97,4502.88
11/16/2023 9:30,4497.08,4510.55
11/16/2023 10:00,4511.36,4505.77
11/16/2023 10:30,4505.92,4496.42
11/16/2023 11:00,4496.25,4489.53
11/16/2023 11:30,4489.62,4493.58
11/16/2023 12:00,4493.81,4499.14
11/16/2023 12:30,4499.04,4501.06
11/16/2023 13:00,4501.1,4500.55
11/16/2023 13:30,4500.62,4495.48
11/16/2023 14:00,4495.42,4495.71
11/16/2023 14:30,4495.68,4501.97
11/16/2023 15:00,4501.9,4502.23
11/16/2023 15:30,4502.42,4508.52
11/16/2023 16:00,4508.29,4508.24
11/17/2023 9:30,4509.55,4508.21
11/17/2023 10:00,4508,4509.09
11/17/2023 10:30,4508.93,4507.11
11/17/2023 11:00,4507.16,4504.3
11/17/2023 11:30,4504.34,4508.5
11/17/2023 12:00,4508.44,4507.64
11/17/2023 12:30,4507.69,4511.04
11/17/2023 13:00,4511.09,4513.47
11/17/2023 13:30,4513.58,4516.53
11/17/2023 14:00,4516.49,4515.56
11/17/2023 14:30,4515.59,4515.94
11/17/2023 15:00,4515.98,4517.08
11/17/2023 15:30,4516.96,4514.06
11/17/2023 16:00,4514.15,4514.02
11/20/2023 9:30,4511.7,4528.41
11/20/2023 10:00,4528.53,4525.57
11/20/2023 10:30,4525.76,4532.12
11/20/2023 11:00,4532.32,4532.34
11/20/2023 11:30,4532.48,4533.81
11/20/2023 12:00,4533.81,4534.73
11/20/2023 12:30,4534.88,4532.72
11/20/2023 13:00,4532.77,4543.17
11/20/2023 13:30,4543.21,4545.93
11/20/2023 14:00,4545.91,4545.91
11/20/2023 14:30,4546.13,4551.67
11/20/2023 15:00,4551.59,4556.29
11/20/2023 15:30,4556.24,4548.05
11/20/2023 16:00,4547.68,4547.38
11/21/2023 9:30,4538.77,4533.85
11/21/2023 10:00,4534.78,4527.01
11/21/2023 10:30,4527,4532.99
11/21/2023 11:00,4533.01,4531.1
11/21/2023 11:30,4530.94,4534.76
11/21/2023 12:00,4534.94,4537.66
11/21/2023 12:30,4537.68,4541.42
11/21/2023 13:00,4541.45,4534.58
11/21/2023 13:30,4534.6,4538.91
11/21/2023 14:00,4538.9,4538.61
11/21/2023 14:30,4538.61,4539.07
11/21/2023 15:00,4539.04,4539
11/21/2023 15:30,4539.05,4538.53
11/21/2023 16:00,4538.35,4538.19
11/22/2023 9:30,4553.04,4554.83
11/22/2023 10:00,4555.5,4555.27
11/22/2023 10:30,4555.24,4551.01
11/22/2023 11:00,4551.11,4555.65
11/22/2023 11:30,4555.93,4560.9
11/22/2023 12:00,4560.98,4559.99
11/22/2023 12:30,4560.02,4556.98
11/22/2023 13:00,4556.95,4561.34
11/22/2023 13:30,4561.4,4558.87
11/22/2023 14:00,4558.82,4560.73
11/22/2023 14:30,4560.71,4554.42
11/22/2023 15:00,4554.23,4558.49
11/22/2023 15:30,4558.49,4556.42
11/22/2023 16:00,4556.39,4556.62
11/24/2023 9:30,4555.84,4558.67
11/24/2023 10:00,4558.75,4555.75
11/24/2023 10:30,4555.61,4557.36
11/24/2023 11:00,4557.35,4556.63
11/24/2023 11:30,4556.58,4555.52
11/24/2023 12:00,4555.47,4554.72
11/24/2023 12:30,4554.54,4558.99
11/24/2023 13:00,4559.05,4559.34
11/24/2023 14:00,4559.34,4559.34
11/27/2023 9:30,4554.86,4551.04
11/27/2023 10:00,4551.31,4552.02
11/27/2023 10:30,4552.16,4553.85
11/27/2023 11:00,4553.72,4554.06
11/27/2023 11:30,4553.92,4556.41
11/27/2023 12:00,4556.44,4555.34
11/27/2023 12:30,4555.38,4557.71
11/27/2023 13:00,4557.79,4557.94
11/27/2023 13:30,4557.9,4556.82
11/27/2023 14:00,4557,4555.33
11/27/2023 14:30,4555.42,4552.14
11/27/2023 15:00,4552.05,4554.99
11/27/2023 15:30,4555.19,4550.75
11/27/2023 16:00,4550.42,4550.43
11/28/2023 9:30,4545.55,4541.48
11/28/2023 10:00,4541.36,4546.08
11/28/2023 10:30,4546.03,4557.24
11/28/2023 11:00,4557.34,4561.36
11/28/2023 11:30,4561.39,4565.52
11/28/2023 12:00,4565.78,4559.68
11/28/2023 12:30,4559.61,4554.44
11/28/2023 13:00,4554.45,4551.29
11/28/2023 13:30,4551.2,4549.24
11/28/2023 14:00,4549.38,4547.97
11/28/2023 14:30,4548.04,4552.99
11/28/2023 15:00,4553.22,4549.67
11/28/2023 15:30,4549.55,4554.83
11/28/2023 16:00,4554.8,4554.89
11/29/2023 9:30,4571.84,4585.23
11/29/2023 10:00,4585.99,4569.33
11/29/2023 10:30,4569.16,4571.3
11/29/2023 11:00,4571.24,4556.31
11/29/2023 11:30,4556.37,4562.35
11/29/2023 12:00,4562.4,4566.76
11/29/2023 12:30,4566.82,4567.86
11/29/2023 13:00,4568,4567.74
11/29/2023 13:30,4567.7,4565.86
11/29/2023 14:00,4565.8,4563.79
11/29/2023 14:30,4563.78,4560.06
11/29/2023 15:00,4560.1,4549.24
11/29/2023 15:30,4549.27,4550.7
11/29/2023 16:00,4550.74,4550.58
11/30/2023 9:30,4554.87,4555.09
11/30/2023 10:00,4555.41,4551.41
11/30/2023 10:30,4551.49,4552.42
11/30/2023 11:00,4552.17,4547.33
11/30/2023 11:30,4547.34,4541.15
11/30/2023 12:00,4541.25,4539.05
11/30/2023 12:30,4538.99,4544.33
11/30/2023 13:00,4544.24,4539.54
11/30/2023 13:30,4539.59,4542.49
11/30/2023 14:00,4542.44,4546.63
11/30/2023 14:30,4546.92,4554.39
11/30/2023 15:00,4554.41,4544.64
11/30/2023 15:30,4544.61,4568.79
11/30/2023 16:00,4568.44,4567.8
